{"embs num params": 109870464, "cls num params": 22060040, "_timestamp": 1702517175.1601706, "_runtime": 101.9730396270752, "_step": 399, "current loss": 2.2840542793273926}