{"embs num params": 109870464, "cls num params": 43322118, "_timestamp": 1702473769.7464666, "_runtime": 28.87524962425232, "_step": 615, "current loss": 0.04531161114573479}