{"embs num params": 109870464, "cls num params": 22060040, "_timestamp": 1702517175.2208362, "_runtime": 6.0563132762908936, "_step": 67, "current loss": 0.02886517532169819}