{"embs num params": 109870464, "cls num params": 22068486, "_timestamp": 1723396147.5986216, "_runtime": 8463.87088060379, "_step": 114104, "current loss": 9.448905620956793e-05, "epoch": 24, "test f1": 0.6658625602722168, "test precision": 0.6266375780105591, "test recall": 0.7153973579406738, "test acc": 0.7153973579406738, "train loss": 0.0035352611433642806, "eval loss": 0.0, "_wandb": {"runtime": 8487}}