{"embs num params": 109870464, "cls num params": 43322118, "_timestamp": 1702473274.728121, "_runtime": 28.964818000793457, "_step": 393, "current loss": 0.07135132700204849}