{"embs num params": 109870464, "cls num params": 43322118, "_timestamp": 1702473648.0878794, "_runtime": 10.489139318466187, "_step": 126, "current loss": 1.5879712104797363}