{"embs num params": 109870464, "cls num params": 22060040, "_timestamp": 1702512806.4626775, "_runtime": 16.95512056350708, "_step": 117, "current loss": 2.4365711212158203}